0,0,0,31,0,load
0,1,1,15,0,load
0,2,2,19,0,load
0,3,3,39,0,load
0,4,4,3,0,load
0,5,5,35,0,load
0,6,6,10,0,load
0,7,7,9,0,load
0,8,8,11,0,load
0,9,9,26,0,load
0,10,10,21,0,load
0,11,11,34,0,load
0,12,12,37,0,load
0,13,13,36,0,load
0,14,14,14,0,load
0,15,15,12,0,load
0,16,16,25,0,load
0,17,17,23,0,load
0,18,18,33,0,load
0,19,19,6,0,load
0,0,0,31,0,blocked
0,1,1,15,0,blocked
0,2,2,19,0,blocked
0,3,3,39,0,blocked
0,4,4,3,0,blocked
0,5,5,35,0,blocked
0,6,6,10,0,blocked
0,7,7,9,0,blocked
0,8,8,11,0,blocked
0,9,9,26,0,blocked
0,10,10,21,0,blocked
0,11,11,34,0,blocked
0,12,12,37,0,blocked
0,13,13,36,0,blocked
0,14,14,14,0,blocked
0,15,15,12,0,blocked
0,16,16,25,0,blocked
0,17,17,23,0,blocked
0,18,18,33,0,blocked
0,19,19,6,0,blocked
101,0,0,31,0,unblocked
229,0,0,31,128,blocked
329,0,0,31,128,unblocked
457,0,0,31,256,blocked
557,0,0,31,256,unblocked
685,0,0,31,384,blocked
785,0,0,31,384,unblocked
795,0,0,31,394,branch_from
795,0,0,31,1303,branch_to
796,0,0,31,1303,blocked
896,0,0,31,1303,unblocked
1001,0,0,31,1408,blocked
1101,0,0,31,1408,unblocked
1229,0,0,31,1536,blocked
1329,0,0,31,1536,unblocked
1457,0,0,31,1664,blocked
1557,0,0,31,1664,unblocked
1558,0,0,31,1665,exit
1558,0,0,31,1665,unload
1558,0,20,22,0,load
1559,0,20,22,0,blocked
1659,0,20,22,0,unblocked
1670,0,20,22,11,branch_from
1670,0,20,22,805,branch_to
1671,0,20,22,805,blocked
1771,0,20,22,805,unblocked
1813,0,20,22,847,branch_from
1813,0,20,22,877,branch_to
1833,0,20,22,896,blocked
1933,0,20,22,896,unblocked
1977,0,20,22,940,branch_from
1977,0,20,22,217,branch_to
1978,0,20,22,217,blocked
2078,0,20,22,217,unblocked
2117,0,20,22,256,blocked
2217,0,20,22,256,unblocked
2303,0,20,22,342,branch_from
2303,0,20,22,534,branch_to
2304,0,20,22,534,blocked
2404,0,20,22,534,unblocked
2510,0,20,22,640,blocked
2610,0,20,22,640,unblocked
2775,0,20,22,805,branch_from
2775,0,20,22,528,branch_to
3116,0,20,22,868,branch_from
3116,0,20,22,1800,branch_to
3117,0,20,22,1800,blocked
3217,0,20,22,1800,unblocked
3247,0,20,22,1830,exit
3247,0,20,22,1830,unload
3247,0,21,0,0,load
3248,0,21,0,0,blocked
3348,0,21,0,0,unblocked
3476,0,21,0,128,blocked
3576,0,21,0,128,unblocked
3704,0,21,0,256,blocked
3804,0,21,0,256,unblocked
3872,0,21,0,324,branch_from
3872,0,21,0,823,branch_to
3873,0,21,0,823,blocked
3973,0,21,0,823,unblocked
4046,0,21,0,896,blocked
4146,0,21,0,896,unblocked
4155,0,21,0,905,exit
4155,0,21,0,905,unload
4155,0,22,20,0,load
4156,0,22,20,0,blocked
4256,0,22,20,0,unblocked
4384,0,22,20,128,blocked
4484,0,22,20,128,unblocked
4612,0,22,20,256,blocked
4712,0,22,20,256,unblocked
4840,0,22,20,384,blocked
4940,0,22,20,384,unblocked
5068,0,22,20,512,blocked
5168,0,22,20,512,unblocked
5296,0,22,20,640,blocked
5396,0,22,20,640,unblocked
5458,0,22,20,702,branch_from
5458,0,22,20,1368,branch_to
5459,0,22,20,1368,blocked
5559,0,22,20,1368,unblocked
5599,0,22,20,1408,blocked
5699,0,22,20,1408,unblocked
5827,0,22,20,1536,blocked
5927,0,22,20,1536,unblocked
6055,0,22,20,1664,blocked
6155,0,22,20,1664,unblocked
6283,0,22,20,1792,blocked
6383,0,22,20,1792,unblocked
6511,0,22,20,1920,blocked
6611,0,22,20,1920,unblocked
6719,0,22,20,2028,exit
6719,0,22,20,2028,unload
6719,0,23,1,0,load
6720,0,23,1,0,blocked
6820,0,23,1,0,unblocked
6928,0,23,1,108,branch_from
6928,0,23,1,691,branch_to
6929,0,23,1,691,blocked
7029,0,23,1,691,unblocked
7080,0,23,1,742,branch_from
7080,0,23,1,648,branch_to
7201,0,23,1,768,blocked
7301,0,23,1,768,unblocked
7429,0,23,1,896,blocked
7529,0,23,1,896,unblocked
7657,0,23,1,1024,blocked
7757,0,23,1,1024,unblocked
7820,0,23,1,1087,branch_from
7820,0,23,1,267,branch_to
7821,0,23,1,267,blocked
7921,0,23,1,267,unblocked
8038,0,23,1,384,blocked
8138,0,23,1,384,unblocked
8266,0,23,1,512,blocked
8366,0,23,1,512,unblocked
8489,0,23,1,635,branch_from
8489,0,23,1,1367,branch_to
8490,0,23,1,1367,blocked
8590,0,23,1,1367,unblocked
8631,0,23,1,1408,blocked
8731,0,23,1,1408,unblocked
8754,0,23,1,1431,exit
8754,0,23,1,1431,unload
8754,0,24,28,0,load
8755,0,24,28,0,blocked
8855,0,24,28,0,unblocked
8951,0,24,28,96,branch_from
8951,0,24,28,1350,branch_to
8952,0,24,28,1350,blocked
9052,0,24,28,1350,unblocked
9091,0,24,28,1389,branch_from
9091,0,24,28,237,branch_to
9092,0,24,28,237,blocked
9192,0,24,28,237,unblocked
9211,0,24,28,256,blocked
9311,0,24,28,256,unblocked
9439,0,24,28,384,blocked
9539,0,24,28,384,unblocked
9667,0,24,28,512,blocked
9767,0,24,28,512,unblocked
9895,0,24,28,640,blocked
9995,0,24,28,640,unblocked
10123,0,24,28,768,blocked
10223,0,24,28,768,unblocked
10351,0,24,28,896,blocked
10451,0,24,28,896,unblocked
10533,0,24,28,978,branch_from
10533,0,24,28,1205,branch_to
10534,0,24,28,1205,blocked
10634,0,24,28,1205,unblocked
10701,0,24,28,1272,branch_from
10701,0,24,28,258,branch_to
10742,0,24,28,298,branch_from
10742,0,24,28,13,branch_to
11754,0,24,28,1024,blocked
11854,0,24,28,1024,unblocked
12219,0,24,28,1389,branch_from
12219,0,24,28,237,branch_to
12281,0,24,28,298,branch_from
12281,0,24,28,13,branch_to
13247,0,24,28,978,branch_from
13247,0,24,28,1205,branch_to
13315,0,24,28,1272,branch_from
13315,0,24,28,258,branch_to
14330,0,24,28,1272,branch_from
14330,0,24,28,258,branch_to
15051,0,24,28,978,branch_from
15051,0,24,28,1205,branch_to
15236,0,24,28,1389,branch_from
15236,0,24,28,237,branch_to
16094,0,24,28,1094,branch_from
16094,0,24,28,1044,branch_to
16323,0,24,28,1272,branch_from
16323,0,24,28,258,branch_to
16364,0,24,28,298,branch_from
16364,0,24,28,13,branch_to
16650,0,24,28,298,branch_from
16650,0,24,28,13,branch_to
16734,0,24,28,96,branch_from
16734,0,24,28,1350,branch_to
16793,0,24,28,1408,blocked
16893,0,24,28,1408,unblocked
16908,0,24,28,1423,branch_from
16908,0,24,28,1146,branch_to
17152,0,24,28,1389,branch_from
17152,0,24,28,237,branch_to
17214,0,24,28,298,branch_from
17214,0,24,28,13,branch_to
17298,0,24,28,96,branch_from
17298,0,24,28,1350,branch_to
17338,0,24,28,1389,branch_from
17338,0,24,28,237,branch_to
17400,0,24,28,298,branch_from
17400,0,24,28,13,branch_to
17484,0,24,28,96,branch_from
17484,0,24,28,1350,branch_to
17524,0,24,28,1389,branch_from
17524,0,24,28,237,branch_to
18266,0,24,28,978,branch_from
18266,0,24,28,1205,branch_to
18334,0,24,28,1272,branch_from
18334,0,24,28,258,branch_to
18375,0,24,28,298,branch_from
18375,0,24,28,13,branch_to
18459,0,24,28,96,branch_from
18459,0,24,28,1350,branch_to
18499,0,24,28,1389,branch_from
18499,0,24,28,237,branch_to
18561,0,24,28,298,branch_from
18561,0,24,28,13,branch_to
18645,0,24,28,96,branch_from
18645,0,24,28,1350,branch_to
18685,0,24,28,1389,branch_from
18685,0,24,28,237,branch_to
19427,0,24,28,978,branch_from
19427,0,24,28,1205,branch_to
19495,0,24,28,1272,branch_from
19495,0,24,28,258,branch_to
19536,0,24,28,298,branch_from
19536,0,24,28,13,branch_to
19822,0,24,28,298,branch_from
19822,0,24,28,13,branch_to
19906,0,24,28,96,branch_from
19906,0,24,28,1350,branch_to
19946,0,24,28,1389,branch_from
19946,0,24,28,237,branch_to
20688,0,24,28,978,branch_from
20688,0,24,28,1205,branch_to
20756,0,24,28,1272,branch_from
20756,0,24,28,258,branch_to
21593,0,24,28,1094,branch_from
21593,0,24,28,1044,branch_to
21939,0,24,28,1389,branch_from
21939,0,24,28,237,branch_to
22681,0,24,28,978,branch_from
22681,0,24,28,1205,branch_to
22749,0,24,28,1272,branch_from
22749,0,24,28,258,branch_to
23470,0,24,28,978,branch_from
23470,0,24,28,1205,branch_to
23655,0,24,28,1389,branch_from
23655,0,24,28,237,branch_to
24808,0,24,28,1389,branch_from
24808,0,24,28,237,branch_to
24870,0,24,28,298,branch_from
24870,0,24,28,13,branch_to
25156,0,24,28,298,branch_from
25156,0,24,28,13,branch_to
25240,0,24,28,96,branch_from
25240,0,24,28,1350,branch_to
25280,0,24,28,1389,branch_from
25280,0,24,28,237,branch_to
26022,0,24,28,978,branch_from
26022,0,24,28,1205,branch_to
26207,0,24,28,1389,branch_from
26207,0,24,28,237,branch_to
27065,0,24,28,1094,branch_from
27065,0,24,28,1044,branch_to
27294,0,24,28,1272,branch_from
27294,0,24,28,258,branch_to
27335,0,24,28,298,branch_from
27335,0,24,28,13,branch_to
27419,0,24,28,96,branch_from
27419,0,24,28,1350,branch_to
27459,0,24,28,1389,branch_from
27459,0,24,28,237,branch_to
28317,0,24,28,1094,branch_from
28317,0,24,28,1044,branch_to
28663,0,24,28,1389,branch_from
28663,0,24,28,237,branch_to
29521,0,24,28,1094,branch_from
29521,0,24,28,1044,branch_to
29572,0,24,28,1094,branch_from
29572,0,24,28,1044,branch_to
29801,0,24,28,1272,branch_from
29801,0,24,28,258,branch_to
29842,0,24,28,298,branch_from
29842,0,24,28,13,branch_to
29926,0,24,28,96,branch_from
29926,0,24,28,1350,branch_to
29966,0,24,28,1389,branch_from
29966,0,24,28,237,branch_to
30708,0,24,28,978,branch_from
30708,0,24,28,1205,branch_to
30776,0,24,28,1272,branch_from
30776,0,24,28,258,branch_to
30817,0,24,28,298,branch_from
30817,0,24,28,13,branch_to
30901,0,24,28,96,branch_from
30901,0,24,28,1350,branch_to
30941,0,24,28,1389,branch_from
30941,0,24,28,237,branch_to
31799,0,24,28,1094,branch_from
31799,0,24,28,1044,branch_to
32028,0,24,28,1272,branch_from
32028,0,24,28,258,branch_to
32865,0,24,28,1094,branch_from
32865,0,24,28,1044,branch_to
32916,0,24,28,1094,branch_from
32916,0,24,28,1044,branch_to
33262,0,24,28,1389,branch_from
33262,0,24,28,237,branch_to
33324,0,24,28,298,branch_from
33324,0,24,28,13,branch_to
34406,0,24,28,1094,branch_from
34406,0,24,28,1044,branch_to
34752,0,24,28,1389,branch_from
34752,0,24,28,237,branch_to
34814,0,24,28,298,branch_from
34814,0,24,28,13,branch_to
35780,0,24,28,978,branch_from
35780,0,24,28,1205,branch_to
35848,0,24,28,1272,branch_from
35848,0,24,28,258,branch_to
35889,0,24,28,298,branch_from
35889,0,24,28,13,branch_to
36175,0,24,28,298,branch_from
36175,0,24,28,13,branch_to
36959,0,24,28,796,branch_from
36959,0,24,28,170,branch_to
37768,0,24,28,978,branch_from
37768,0,24,28,1205,branch_to
37836,0,24,28,1272,branch_from
37836,0,24,28,258,branch_to
38851,0,24,28,1272,branch_from
38851,0,24,28,258,branch_to
39572,0,24,28,978,branch_from
39572,0,24,28,1205,branch_to
39640,0,24,28,1272,branch_from
39640,0,24,28,258,branch_to
39681,0,24,28,298,branch_from
39681,0,24,28,13,branch_to
40941,0,24,28,1272,branch_from
40941,0,24,28,258,branch_to
41662,0,24,28,978,branch_from
41662,0,24,28,1205,branch_to
41847,0,24,28,1389,branch_from
41847,0,24,28,237,branch_to
43000,0,24,28,1389,branch_from
43000,0,24,28,237,branch_to
43062,0,24,28,298,branch_from
43062,0,24,28,13,branch_to
44439,0,24,28,1389,branch_from
44439,0,24,28,237,branch_to
44501,0,24,28,298,branch_from
44501,0,24,28,13,branch_to
44585,0,24,28,96,branch_from
44585,0,24,28,1350,branch_to
44772,0,24,28,1536,blocked
44872,0,24,28,1536,unblocked
45000,0,24,28,1664,blocked
45100,0,24,28,1664,unblocked
45180,0,24,28,1744,branch_from
45180,0,24,28,770,branch_to
45505,0,24,28,1094,branch_from
45505,0,24,28,1044,branch_to
45556,0,24,28,1094,branch_from
45556,0,24,28,1044,branch_to
45785,0,24,28,1272,branch_from
45785,0,24,28,258,branch_to
45826,0,24,28,298,branch_from
45826,0,24,28,13,branch_to
46908,0,24,28,1094,branch_from
46908,0,24,28,1044,branch_to
47254,0,24,28,1389,branch_from
47254,0,24,28,237,branch_to
47316,0,24,28,298,branch_from
47316,0,24,28,13,branch_to
47400,0,24,28,96,branch_from
47400,0,24,28,1350,branch_to
47440,0,24,28,1389,branch_from
47440,0,24,28,237,branch_to
48476,0,24,28,1272,branch_from
48476,0,24,28,258,branch_to
48517,0,24,28,298,branch_from
48517,0,24,28,13,branch_to
48601,0,24,28,96,branch_from
48601,0,24,28,1350,branch_to
48641,0,24,28,1389,branch_from
48641,0,24,28,237,branch_to
49383,0,24,28,978,branch_from
49383,0,24,28,1205,branch_to
49451,0,24,28,1272,branch_from
49451,0,24,28,258,branch_to
49492,0,24,28,298,branch_from
49492,0,24,28,13,branch_to
49576,0,24,28,96,branch_from
49576,0,24,28,1350,branch_to
49650,0,24,28,1423,branch_from
49650,0,24,28,1146,branch_to
50074,0,24,28,1569,branch_from
50074,0,24,28,48,branch_to
50325,0,24,28,298,branch_from
50325,0,24,28,13,branch_to
50409,0,24,28,96,branch_from
50409,0,24,28,1350,branch_to
50483,0,24,28,1423,branch_from
50483,0,24,28,1146,branch_to
50727,0,24,28,1389,branch_from
50727,0,24,28,237,branch_to
51880,0,24,28,1389,branch_from
51880,0,24,28,237,branch_to
51942,0,24,28,298,branch_from
51942,0,24,28,13,branch_to
52026,0,24,28,96,branch_from
52026,0,24,28,1350,branch_to
52469,0,24,28,1792,blocked
52569,0,24,28,1792,unblocked
52588,0,24,28,1811,exit
52588,0,24,28,1811,unload
52588,0,25,5,0,load
52589,0,25,5,0,blocked
52689,0,25,5,0,unblocked
52817,0,25,5,128,blocked
52917,0,25,5,128,unblocked
52946,0,25,5,157,branch_from
52946,0,25,5,73,branch_to
53084,0,25,5,210,branch_from
53084,0,25,5,465,branch_to
53085,0,25,5,465,blocked
53185,0,25,5,465,unblocked
53200,0,25,5,480,branch_from
53200,0,25,5,830,branch_to
53201,0,25,5,830,blocked
53301,0,25,5,830,unblocked
53323,0,25,5,852,branch_from
53323,0,25,5,334,branch_to
53324,0,25,5,334,blocked
53424,0,25,5,334,unblocked
53434,0,25,5,344,branch_from
53434,0,25,5,451,branch_to
53448,0,25,5,464,branch_from
53448,0,25,5,325,branch_to
53483,0,25,5,359,branch_from
53483,0,25,5,889,branch_to
53491,0,25,5,896,blocked
53591,0,25,5,896,unblocked
53666,0,25,5,971,exit
53666,0,25,5,971,unload
53666,0,26,16,0,load
53667,0,26,16,0,blocked
53767,0,26,16,0,unblocked
53857,0,26,16,90,branch_from
53857,0,26,16,1251,branch_to
53858,0,26,16,1251,blocked
53958,0,26,16,1251,unblocked
53987,0,26,16,1280,blocked
54087,0,26,16,1280,unblocked
54215,0,26,16,1408,blocked
54315,0,26,16,1408,unblocked
54316,0,26,16,1409,exit
54316,0,26,16,1409,unload
54316,0,27,29,0,load
54317,0,27,29,0,blocked
54417,0,27,29,0,unblocked
54545,0,27,29,128,blocked
54645,0,27,29,128,unblocked
54773,0,27,29,256,blocked
54873,0,27,29,256,unblocked
54970,0,27,29,353,branch_from
54970,0,27,29,1132,branch_to
54971,0,27,29,1132,blocked
55071,0,27,29,1132,unblocked
55091,0,27,29,1152,blocked
55191,0,27,29,1152,unblocked
55319,0,27,29,1280,blocked
55419,0,27,29,1280,unblocked
55441,0,27,29,1302,exit
55441,0,27,29,1302,unload
55441,0,28,30,0,load
55442,0,28,30,0,blocked
55542,0,28,30,0,unblocked
55549,0,28,30,7,branch_from
55549,0,28,30,12,branch_to
55666,0,28,30,128,blocked
55766,0,28,30,128,unblocked
55882,0,28,30,244,branch_from
55882,0,28,30,14,branch_to
56070,0,28,30,201,branch_from
56070,0,28,30,1035,branch_to
56071,0,28,30,1035,blocked
56171,0,28,30,1035,unblocked
56247,0,28,30,1111,branch_from
56247,0,28,30,1498,branch_to
56248,0,28,30,1498,blocked
56348,0,28,30,1498,unblocked
56386,0,28,30,1536,blocked
56486,0,28,30,1536,unblocked
56522,0,28,30,1572,exit
56522,0,28,30,1572,unload
56522,0,29,13,0,load
56523,0,29,13,0,blocked
56623,0,29,13,0,unblocked
56739,0,29,13,116,branch_from
56739,0,29,13,94,branch_to
56762,0,29,13,116,branch_from
56762,0,29,13,94,branch_to
56785,0,29,13,116,branch_from
56785,0,29,13,94,branch_to
56808,0,29,13,116,branch_from
56808,0,29,13,94,branch_to
56831,0,29,13,116,branch_from
56831,0,29,13,94,branch_to
56854,0,29,13,116,branch_from
56854,0,29,13,94,branch_to
56877,0,29,13,116,branch_from
56877,0,29,13,94,branch_to
56900,0,29,13,116,branch_from
56900,0,29,13,94,branch_to
56935,0,29,13,128,blocked
57035,0,29,13,128,unblocked
57041,0,29,13,134,branch_from
57041,0,29,13,173,branch_to
57082,0,29,13,213,branch_from
57082,0,29,13,591,branch_to
57083,0,29,13,591,blocked
57183,0,29,13,591,unblocked
57225,0,29,13,633,branch_from
57225,0,29,13,273,branch_to
57226,0,29,13,273,blocked
57326,0,29,13,273,unblocked
57437,0,29,13,384,blocked
57537,0,29,13,384,unblocked
57786,0,29,13,633,branch_from
57786,0,29,13,273,branch_to
58154,0,29,13,640,blocked
58254,0,29,13,640,unblocked
58263,0,29,13,649,branch_from
58263,0,29,13,719,branch_to
58279,0,29,13,734,branch_from
58279,0,29,13,502,branch_to
58411,0,29,13,633,branch_from
58411,0,29,13,273,branch_to
58772,0,29,13,633,branch_from
58772,0,29,13,273,branch_to
58816,0,29,13,316,branch_from
58816,0,29,13,648,branch_to
58818,0,29,13,649,branch_from
58818,0,29,13,719,branch_to
58868,0,29,13,768,blocked
58968,0,29,13,768,unblocked
59096,0,29,13,896,blocked
59196,0,29,13,896,unblocked
59215,0,29,13,915,exit
59215,0,29,13,915,unload
59215,0,30,24,0,load
59216,0,30,24,0,blocked
59316,0,30,24,0,unblocked
59444,0,30,24,128,blocked
59544,0,30,24,128,unblocked
59672,0,30,24,256,blocked
59772,0,30,24,256,unblocked
59817,0,30,24,301,branch_from
59817,0,30,24,340,branch_to
59862,0,30,24,384,blocked
59962,0,30,24,384,unblocked
59992,0,30,24,414,branch_from
59992,0,30,24,276,branch_to
60131,0,30,24,414,branch_from
60131,0,30,24,276,branch_to
60180,0,30,24,324,branch_from
60180,0,30,24,860,branch_to
60181,0,30,24,860,blocked
60281,0,30,24,860,unblocked
60317,0,30,24,896,blocked
60417,0,30,24,896,unblocked
60437,0,30,24,916,branch_from
60437,0,30,24,703,branch_to
60438,0,30,24,703,blocked
60538,0,30,24,703,unblocked
60633,0,30,24,798,branch_from
60633,0,30,24,28,branch_to
60930,0,30,24,324,branch_from
60930,0,30,24,860,branch_to
60939,0,30,24,868,branch_from
60939,0,30,24,457,branch_to
60995,0,30,24,512,blocked
61095,0,30,24,512,unblocked
61381,0,30,24,798,branch_from
61381,0,30,24,28,branch_to
61655,0,30,24,301,branch_from
61655,0,30,24,340,branch_to
61777,0,30,24,461,branch_from
61777,0,30,24,797,branch_to
61779,0,30,24,798,branch_from
61779,0,30,24,28,branch_to
62166,0,30,24,414,branch_from
62166,0,30,24,276,branch_to
62187,0,30,24,296,branch_from
62187,0,30,24,409,branch_to
62577,0,30,24,798,branch_from
62577,0,30,24,28,branch_to
63349,0,30,24,799,branch_from
63349,0,30,24,157,branch_to
63991,0,30,24,798,branch_from
63991,0,30,24,28,branch_to
64260,0,30,24,296,branch_from
64260,0,30,24,409,branch_to
64266,0,30,24,414,branch_from
64266,0,30,24,276,branch_to
64287,0,30,24,296,branch_from
64287,0,30,24,409,branch_to
64677,0,30,24,798,branch_from
64677,0,30,24,28,branch_to
64951,0,30,24,301,branch_from
64951,0,30,24,340,branch_to
65410,0,30,24,798,branch_from
65410,0,30,24,28,branch_to
66371,0,30,24,988,branch_from
66371,0,30,24,41,branch_to
66627,0,30,24,296,branch_from
66627,0,30,24,409,branch_to
66633,0,30,24,414,branch_from
66633,0,30,24,276,branch_to
66659,0,30,24,301,branch_from
66659,0,30,24,340,branch_to
66734,0,30,24,414,branch_from
66734,0,30,24,276,branch_to
66760,0,30,24,301,branch_from
66760,0,30,24,340,branch_to
67289,0,30,24,868,branch_from
67289,0,30,24,457,branch_to
67701,0,30,24,868,branch_from
67701,0,30,24,457,branch_to
68043,0,30,24,798,branch_from
68043,0,30,24,28,branch_to
68814,0,30,24,798,branch_from
68814,0,30,24,28,branch_to
69088,0,30,24,301,branch_from
69088,0,30,24,340,branch_to
69547,0,30,24,798,branch_from
69547,0,30,24,28,branch_to
69821,0,30,24,301,branch_from
69821,0,30,24,340,branch_to
70398,0,30,24,916,branch_from
70398,0,30,24,703,branch_to
70494,0,30,24,798,branch_from
70494,0,30,24,28,branch_to
70881,0,30,24,414,branch_from
70881,0,30,24,276,branch_to
70907,0,30,24,301,branch_from
70907,0,30,24,340,branch_to
71366,0,30,24,798,branch_from
71366,0,30,24,28,branch_to
71663,0,30,24,324,branch_from
71663,0,30,24,860,branch_to
71672,0,30,24,868,branch_from
71672,0,30,24,457,branch_to
72015,0,30,24,799,branch_from
72015,0,30,24,157,branch_to
72155,0,30,24,296,branch_from
72155,0,30,24,409,branch_to
72208,0,30,24,461,branch_from
72208,0,30,24,797,branch_to
72377,0,30,24,965,branch_from
72377,0,30,24,868,branch_to
72426,0,30,24,916,branch_from
72426,0,30,24,703,branch_to
72592,0,30,24,868,branch_from
72592,0,30,24,457,branch_to
72934,0,30,24,798,branch_from
72934,0,30,24,28,branch_to
73208,0,30,24,301,branch_from
73208,0,30,24,340,branch_to
73668,0,30,24,799,branch_from
73668,0,30,24,157,branch_to
73836,0,30,24,324,branch_from
73836,0,30,24,860,branch_to
73942,0,30,24,965,branch_from
73942,0,30,24,868,branch_to
74040,0,30,24,965,branch_from
74040,0,30,24,868,branch_to
74089,0,30,24,916,branch_from
74089,0,30,24,703,branch_to
74303,0,30,24,916,branch_from
74303,0,30,24,703,branch_to
74400,0,30,24,799,branch_from
74400,0,30,24,157,branch_to
74545,0,30,24,301,branch_from
74545,0,30,24,340,branch_to
75004,0,30,24,798,branch_from
75004,0,30,24,28,branch_to
75278,0,30,24,301,branch_from
75278,0,30,24,340,branch_to
75737,0,30,24,798,branch_from
75737,0,30,24,28,branch_to
76011,0,30,24,301,branch_from
76011,0,30,24,340,branch_to
76470,0,30,24,798,branch_from
76470,0,30,24,28,branch_to
76744,0,30,24,301,branch_from
76744,0,30,24,340,branch_to
76819,0,30,24,414,branch_from
76819,0,30,24,276,branch_to
76840,0,30,24,296,branch_from
76840,0,30,24,409,branch_to
77231,0,30,24,799,branch_from
77231,0,30,24,157,branch_to
77376,0,30,24,301,branch_from
77376,0,30,24,340,branch_to
77953,0,30,24,916,branch_from
77953,0,30,24,703,branch_to
78167,0,30,24,916,branch_from
78167,0,30,24,703,branch_to
78263,0,30,24,798,branch_from
78263,0,30,24,28,branch_to
78560,0,30,24,324,branch_from
78560,0,30,24,860,branch_to
78569,0,30,24,868,branch_from
78569,0,30,24,457,branch_to
78912,0,30,24,799,branch_from
78912,0,30,24,157,branch_to
79052,0,30,24,296,branch_from
79052,0,30,24,409,branch_to
79442,0,30,24,798,branch_from
79442,0,30,24,28,branch_to
79716,0,30,24,301,branch_from
79716,0,30,24,340,branch_to
80175,0,30,24,798,branch_from
80175,0,30,24,28,branch_to
81064,0,30,24,916,branch_from
81064,0,30,24,703,branch_to
81160,0,30,24,798,branch_from
81160,0,30,24,28,branch_to
81457,0,30,24,324,branch_from
81457,0,30,24,860,branch_to
81514,0,30,24,916,branch_from
81514,0,30,24,703,branch_to
81610,0,30,24,798,branch_from
81610,0,30,24,28,branch_to
81884,0,30,24,301,branch_from
81884,0,30,24,340,branch_to
81959,0,30,24,414,branch_from
81959,0,30,24,276,branch_to
81985,0,30,24,301,branch_from
81985,0,30,24,340,branch_to
82444,0,30,24,798,branch_from
82444,0,30,24,28,branch_to
82718,0,30,24,301,branch_from
82718,0,30,24,340,branch_to
82793,0,30,24,414,branch_from
82793,0,30,24,276,branch_to
82819,0,30,24,301,branch_from
82819,0,30,24,340,branch_to
83278,0,30,24,798,branch_from
83278,0,30,24,28,branch_to
83575,0,30,24,324,branch_from
83575,0,30,24,860,branch_to
83632,0,30,24,916,branch_from
83632,0,30,24,703,branch_to
83846,0,30,24,916,branch_from
83846,0,30,24,703,branch_to
84012,0,30,24,868,branch_from
84012,0,30,24,457,branch_to
84424,0,30,24,868,branch_from
84424,0,30,24,457,branch_to
84766,0,30,24,798,branch_from
84766,0,30,24,28,branch_to
85200,0,30,24,461,branch_from
85200,0,30,24,797,branch_to
85203,0,30,24,799,branch_from
85203,0,30,24,157,branch_to
85348,0,30,24,301,branch_from
85348,0,30,24,340,branch_to
85807,0,30,24,798,branch_from
85807,0,30,24,28,branch_to
86081,0,30,24,301,branch_from
86081,0,30,24,340,branch_to
86156,0,30,24,414,branch_from
86156,0,30,24,276,branch_to
86679,0,30,24,798,branch_from
86679,0,30,24,28,branch_to
86953,0,30,24,301,branch_from
86953,0,30,24,340,branch_to
87028,0,30,24,414,branch_from
87028,0,30,24,276,branch_to
87551,0,30,24,798,branch_from
87551,0,30,24,28,branch_to
87848,0,30,24,324,branch_from
87848,0,30,24,860,branch_to
87857,0,30,24,868,branch_from
87857,0,30,24,457,branch_to
88200,0,30,24,799,branch_from
88200,0,30,24,157,branch_to
88345,0,30,24,301,branch_from
88345,0,30,24,340,branch_to
88804,0,30,24,798,branch_from
88804,0,30,24,28,branch_to
89078,0,30,24,301,branch_from
89078,0,30,24,340,branch_to
89537,0,30,24,798,branch_from
89537,0,30,24,28,branch_to
89811,0,30,24,301,branch_from
89811,0,30,24,340,branch_to
89886,0,30,24,414,branch_from
89886,0,30,24,276,branch_to
89912,0,30,24,301,branch_from
89912,0,30,24,340,branch_to
90441,0,30,24,868,branch_from
90441,0,30,24,457,branch_to
90784,0,30,24,799,branch_from
90784,0,30,24,157,branch_to
90924,0,30,24,296,branch_from
90924,0,30,24,409,branch_to
91315,0,30,24,799,branch_from
91315,0,30,24,157,branch_to
91460,0,30,24,301,branch_from
91460,0,30,24,340,branch_to
91582,0,30,24,461,branch_from
91582,0,30,24,797,branch_to
91584,0,30,24,798,branch_from
91584,0,30,24,28,branch_to
91853,0,30,24,296,branch_from
91853,0,30,24,409,branch_to
92243,0,30,24,798,branch_from
92243,0,30,24,28,branch_to
92512,0,30,24,296,branch_from
92512,0,30,24,409,branch_to
92902,0,30,24,798,branch_from
92902,0,30,24,28,branch_to
93199,0,30,24,324,branch_from
93199,0,30,24,860,branch_to
93208,0,30,24,868,branch_from
93208,0,30,24,457,branch_to
93620,0,30,24,868,branch_from
93620,0,30,24,457,branch_to
93625,0,30,24,461,branch_from
93625,0,30,24,797,branch_to
93627,0,30,24,798,branch_from
93627,0,30,24,28,branch_to
94516,0,30,24,916,branch_from
94516,0,30,24,703,branch_to
94837,0,30,24,1023,exit
94837,0,30,24,1023,unload
94837,0,31,2,0,load
94838,0,31,2,0,blocked
94938,0,31,2,0,unblocked
94993,0,31,2,55,branch_from
94993,0,31,2,387,branch_to
94994,0,31,2,387,blocked
95094,0,31,2,387,unblocked
95219,0,31,2,512,blocked
95319,0,31,2,512,unblocked
95447,0,31,2,640,blocked
95547,0,31,2,640,unblocked
95675,0,31,2,768,blocked
95775,0,31,2,768,unblocked
95903,0,31,2,896,blocked
96003,0,31,2,896,unblocked
96023,0,31,2,916,exit
96023,0,31,2,916,unload
96023,0,32,38,0,load
96024,0,32,38,0,blocked
96124,0,32,38,0,unblocked
96252,0,32,38,128,blocked
96352,0,32,38,128,unblocked
96480,0,32,38,256,blocked
96580,0,32,38,256,unblocked
96708,0,32,38,384,blocked
96808,0,32,38,384,unblocked
96857,0,32,38,433,branch_from
96857,0,32,38,1666,branch_to
96858,0,32,38,1666,blocked
96958,0,32,38,1666,unblocked
97084,0,32,38,1792,blocked
97184,0,32,38,1792,unblocked
97312,0,32,38,1920,blocked
97412,0,32,38,1920,unblocked
97540,0,32,38,2048,blocked
97640,0,32,38,2048,unblocked
97671,0,32,38,2079,branch_from
97671,0,32,38,1708,branch_to
97894,0,32,38,1930,branch_from
97894,0,32,38,924,branch_to
97895,0,32,38,924,blocked
97995,0,32,38,924,unblocked
98036,0,32,38,965,branch_from
98036,0,32,38,875,branch_to
98037,0,32,38,875,blocked
98137,0,32,38,875,unblocked
98286,0,32,38,1024,blocked
98386,0,32,38,1024,unblocked
98514,0,32,38,1152,blocked
98614,0,32,38,1152,unblocked
98742,0,32,38,1280,blocked
98842,0,32,38,1280,unblocked
98845,0,32,38,1283,branch_from
98845,0,32,38,1699,branch_to
99077,0,32,38,1930,branch_from
99077,0,32,38,924,branch_to
99330,0,32,38,1176,branch_from
99330,0,32,38,286,branch_to
99557,0,32,38,512,blocked
99657,0,32,38,512,unblocked
99785,0,32,38,640,blocked
99885,0,32,38,640,unblocked
100001,0,32,38,756,branch_from
100001,0,32,38,1035,branch_to
100143,0,32,38,1176,branch_from
100143,0,32,38,286,branch_to
100291,0,32,38,433,branch_from
100291,0,32,38,1666,branch_to
100556,0,32,38,1930,branch_from
100556,0,32,38,924,branch_to
100809,0,32,38,1176,branch_from
100809,0,32,38,286,branch_to
101489,0,32,38,965,branch_from
101489,0,32,38,875,branch_to
101791,0,32,38,1176,branch_from
101791,0,32,38,286,branch_to
101939,0,32,38,433,branch_from
101939,0,32,38,1666,branch_to
102204,0,32,38,1930,branch_from
102204,0,32,38,924,branch_to
102457,0,32,38,1176,branch_from
102457,0,32,38,286,branch_to
102605,0,32,38,433,branch_from
102605,0,32,38,1666,branch_to
103066,0,32,38,2126,exit
103066,0,32,38,2126,unload
103066,0,33,7,0,load
103067,0,33,7,0,blocked
103167,0,33,7,0,unblocked
103295,0,33,7,128,blocked
103395,0,33,7,128,unblocked
103523,0,33,7,256,blocked
103623,0,33,7,256,unblocked
103623,0,33,7,256,branch_from
103623,0,33,7,146,branch_to
103773,0,33,7,295,branch_from
103773,0,33,7,251,branch_to
103779,0,33,7,256,branch_from
103779,0,33,7,146,branch_to
103929,0,33,7,295,branch_from
103929,0,33,7,251,branch_to
103935,0,33,7,256,branch_from
103935,0,33,7,146,branch_to
104046,0,33,7,256,branch_from
104046,0,33,7,146,branch_to
104157,0,33,7,256,branch_from
104157,0,33,7,146,branch_to
104268,0,33,7,256,branch_from
104268,0,33,7,146,branch_to
104507,0,33,7,384,blocked
104607,0,33,7,384,unblocked
104735,0,33,7,512,blocked
104835,0,33,7,512,unblocked
104963,0,33,7,640,blocked
105063,0,33,7,640,unblocked
105191,0,33,7,768,blocked
105291,0,33,7,768,unblocked
105419,0,33,7,896,blocked
105519,0,33,7,896,unblocked
105647,0,33,7,1024,blocked
105747,0,33,7,1024,unblocked
105875,0,33,7,1152,blocked
105975,0,33,7,1152,unblocked
106103,0,33,7,1280,blocked
106203,0,33,7,1280,unblocked
106222,0,33,7,1299,exit
106222,0,33,7,1299,unload
106222,0,34,18,0,load
106223,0,34,18,0,blocked
106323,0,34,18,0,unblocked
106372,0,34,18,49,branch_from
106372,0,34,18,524,branch_to
106373,0,34,18,524,blocked
106473,0,34,18,524,unblocked
106589,0,34,18,640,blocked
106689,0,34,18,640,unblocked
106817,0,34,18,768,blocked
106917,0,34,18,768,unblocked
107045,0,34,18,896,blocked
107145,0,34,18,896,unblocked
107265,0,34,18,1016,branch_from
107265,0,34,18,1162,branch_to
107266,0,34,18,1162,blocked
107366,0,34,18,1162,unblocked
107366,0,34,18,1162,exit
107366,0,34,18,1162,unload
107366,0,35,8,0,load
107367,0,35,8,0,blocked
107467,0,35,8,0,unblocked
107595,0,35,8,128,blocked
107695,0,35,8,128,unblocked
107766,0,35,8,199,branch_from
107766,0,35,8,666,branch_to
107767,0,35,8,666,blocked
107867,0,35,8,666,unblocked
107969,0,35,8,768,blocked
108069,0,35,8,768,unblocked
108105,0,35,8,804,branch_from
108105,0,35,8,878,branch_to
108109,0,35,8,881,branch_from
108109,0,35,8,1879,branch_to
108110,0,35,8,1879,blocked
108210,0,35,8,1879,unblocked
108251,0,35,8,1920,blocked
108351,0,35,8,1920,unblocked
108459,0,35,8,2028,exit
108459,0,35,8,2028,unload
108459,0,36,27,0,load
108460,0,36,27,0,blocked
108560,0,36,27,0,unblocked
108688,0,36,27,128,blocked
108788,0,36,27,128,unblocked
108916,0,36,27,256,blocked
109016,0,36,27,256,unblocked
109144,0,36,27,384,blocked
109244,0,36,27,384,unblocked
109372,0,36,27,512,blocked
109472,0,36,27,512,unblocked
109558,0,36,27,598,branch_from
109558,0,36,27,1474,branch_to
109559,0,36,27,1474,blocked
109659,0,36,27,1474,unblocked
109721,0,36,27,1536,blocked
109821,0,36,27,1536,unblocked
109890,0,36,27,1605,exit
109890,0,36,27,1605,unload
109890,0,37,17,0,load
109891,0,37,17,0,blocked
109991,0,37,17,0,unblocked
110119,0,37,17,128,blocked
110219,0,37,17,128,unblocked
110347,0,37,17,256,blocked
110447,0,37,17,256,unblocked
110575,0,37,17,384,blocked
110675,0,37,17,384,unblocked
110803,0,37,17,512,blocked
110903,0,37,17,512,unblocked
111031,0,37,17,640,blocked
111131,0,37,17,640,unblocked
111259,0,37,17,768,blocked
111359,0,37,17,768,unblocked
111450,0,37,17,859,branch_from
111450,0,37,17,389,branch_to
111593,0,37,17,531,branch_from
111593,0,37,17,536,branch_to
111803,0,37,17,745,branch_from
111803,0,37,17,765,branch_to
111898,0,37,17,859,branch_from
111898,0,37,17,389,branch_to
112041,0,37,17,531,branch_from
112041,0,37,17,536,branch_to
112251,0,37,17,745,branch_from
112251,0,37,17,765,branch_to
112346,0,37,17,859,branch_from
112346,0,37,17,389,branch_to
112703,0,37,17,745,branch_from
112703,0,37,17,765,branch_to
112815,0,37,17,876,exit
112815,0,37,17,876,unload
112815,0,38,4,0,load
112816,0,38,4,0,blocked
112916,0,38,4,0,unblocked
113044,0,38,4,128,blocked
113144,0,38,4,128,unblocked
113272,0,38,4,256,blocked
113372,0,38,4,256,unblocked
113500,0,38,4,384,blocked
113600,0,38,4,384,unblocked
113720,0,38,4,504,branch_from
113720,0,38,4,1382,branch_to
113721,0,38,4,1382,blocked
113821,0,38,4,1382,unblocked
113847,0,38,4,1408,blocked
113947,0,38,4,1408,unblocked
114075,0,38,4,1536,blocked
114175,0,38,4,1536,unblocked
114229,0,38,4,1590,branch_from
114229,0,38,4,1253,branch_to
114230,0,38,4,1253,blocked
114330,0,38,4,1253,unblocked
114726,0,38,4,1649,exit
114726,0,38,4,1649,unload
114726,0,39,32,0,load
114727,0,39,32,0,blocked
114827,0,39,32,0,unblocked
114955,0,39,32,128,blocked
115055,0,39,32,128,unblocked
115183,0,39,32,256,blocked
115283,0,39,32,256,unblocked
115351,0,39,32,324,branch_from
115351,0,39,32,864,branch_to
115352,0,39,32,864,blocked
115452,0,39,32,864,unblocked
115484,0,39,32,896,blocked
115584,0,39,32,896,unblocked
115712,0,39,32,1024,blocked
115812,0,39,32,1024,unblocked
115931,0,39,32,1143,exit
115931,0,39,32,1143,unload
116032,1,1,15,0,unblocked
116160,1,1,15,128,blocked
116260,1,1,15,128,unblocked
116388,1,1,15,256,blocked
116488,1,1,15,256,unblocked
116578,1,1,15,346,branch_from
116578,1,1,15,679,branch_to
116579,1,1,15,679,blocked
116679,1,1,15,679,unblocked
116768,1,1,15,768,blocked
116868,1,1,15,768,unblocked
116936,1,1,15,836,branch_from
116936,1,1,15,1387,branch_to
116937,1,1,15,1387,blocked
117037,1,1,15,1387,unblocked
117058,1,1,15,1408,blocked
117158,1,1,15,1408,unblocked
117256,1,1,15,1506,exit
117256,1,1,15,1506,unload
117357,2,2,19,0,unblocked
117360,2,2,19,3,branch_from
117360,2,2,19,1622,branch_to
117361,2,2,19,1622,blocked
117461,2,2,19,1622,unblocked
117469,2,2,19,1630,branch_from
117469,2,2,19,1961,branch_to
117470,2,2,19,1961,blocked
117570,2,2,19,1961,unblocked
117598,2,2,19,1989,exit
117598,2,2,19,1989,unload
117699,3,3,39,0,unblocked
117726,3,3,39,27,branch_from
117726,3,3,39,1101,branch_to
117727,3,3,39,1101,blocked
117827,3,3,39,1101,unblocked
117878,3,3,39,1152,blocked
117978,3,3,39,1152,unblocked
118106,3,3,39,1280,blocked
118206,3,3,39,1280,unblocked
118334,3,3,39,1408,blocked
118434,3,3,39,1408,unblocked
118562,3,3,39,1536,blocked
118662,3,3,39,1536,unblocked
118669,3,3,39,1543,exit
118669,3,3,39,1543,unload
118770,4,4,3,0,unblocked
118898,4,4,3,128,blocked
118998,4,4,3,128,unblocked
119126,4,4,3,256,blocked
119226,4,4,3,256,unblocked
119354,4,4,3,384,blocked
119454,4,4,3,384,unblocked
119582,4,4,3,512,blocked
119682,4,4,3,512,unblocked
119810,4,4,3,640,blocked
119910,4,4,3,640,unblocked
120038,4,4,3,768,blocked
120138,4,4,3,768,unblocked
120266,4,4,3,896,blocked
120366,4,4,3,896,unblocked
120494,4,4,3,1024,blocked
120594,4,4,3,1024,unblocked
120677,4,4,3,1107,branch_from
120677,4,4,3,1190,branch_to
120678,4,4,3,1190,blocked
120778,4,4,3,1190,unblocked
120868,4,4,3,1280,blocked
120968,4,4,3,1280,unblocked
121096,4,4,3,1408,blocked
121196,4,4,3,1408,unblocked
121324,4,4,3,1536,blocked
121424,4,4,3,1536,unblocked
121552,4,4,3,1664,blocked
121652,4,4,3,1664,unblocked
121768,4,4,3,1780,exit
121768,4,4,3,1780,unload
121869,5,5,35,0,unblocked
121926,5,5,35,57,branch_from
121926,5,5,35,809,branch_to
121927,5,5,35,809,blocked
122027,5,5,35,809,unblocked
122114,5,5,35,896,blocked
122214,5,5,35,896,unblocked
122230,5,5,35,912,exit
122230,5,5,35,912,unload
122331,6,6,10,0,unblocked
122459,6,6,10,128,blocked
122559,6,6,10,128,unblocked
122687,6,6,10,256,blocked
122787,6,6,10,256,unblocked
122915,6,6,10,384,blocked
123015,6,6,10,384,unblocked
123143,6,6,10,512,blocked
123243,6,6,10,512,unblocked
123371,6,6,10,640,blocked
123471,6,6,10,640,unblocked
123599,6,6,10,768,blocked
123699,6,6,10,768,unblocked
123803,6,6,10,872,branch_from
123803,6,6,10,102,branch_to
123873,6,6,10,171,branch_from
123873,6,6,10,1046,branch_to
123874,6,6,10,1046,blocked
123974,6,6,10,1046,unblocked
124072,6,6,10,1144,branch_from
124072,6,6,10,37,branch_to
124198,6,6,10,162,branch_from
124198,6,6,10,359,branch_to
124641,6,6,10,801,branch_from
124641,6,6,10,1186,branch_to
124642,6,6,10,1186,blocked
124742,6,6,10,1186,unblocked
124836,6,6,10,1280,blocked
124936,6,6,10,1280,unblocked
124976,6,6,10,1320,exit
124976,6,6,10,1320,unload
125077,7,7,9,0,unblocked
125141,7,7,9,64,branch_from
125141,7,7,9,507,branch_to
125142,7,7,9,507,blocked
125242,7,7,9,507,unblocked
125247,7,7,9,512,blocked
125347,7,7,9,512,unblocked
125459,7,7,9,624,branch_from
125459,7,7,9,961,branch_to
125460,7,7,9,961,blocked
125560,7,7,9,961,unblocked
125623,7,7,9,1024,blocked
125723,7,7,9,1024,unblocked
125791,7,7,9,1092,exit
125791,7,7,9,1092,unload
125892,8,8,11,0,unblocked
126020,8,8,11,128,blocked
126120,8,8,11,128,unblocked
126248,8,8,11,256,blocked
126348,8,8,11,256,unblocked
126400,8,8,11,308,branch_from
126400,8,8,11,1265,branch_to
126401,8,8,11,1265,blocked
126501,8,8,11,1265,unblocked
126516,8,8,11,1280,blocked
126616,8,8,11,1280,unblocked
126744,8,8,11,1408,blocked
126844,8,8,11,1408,unblocked
126910,8,8,11,1474,branch_from
126910,8,8,11,393,branch_to
126911,8,8,11,393,blocked
127011,8,8,11,393,unblocked
127130,8,8,11,512,blocked
127230,8,8,11,512,unblocked
127358,8,8,11,640,blocked
127458,8,8,11,640,unblocked
127586,8,8,11,768,blocked
127686,8,8,11,768,unblocked
127814,8,8,11,896,blocked
127914,8,8,11,896,unblocked
127958,8,8,11,940,branch_from
127958,8,8,11,1322,branch_to
128173,8,8,11,1536,blocked
128273,8,8,11,1536,unblocked
128401,8,8,11,1664,blocked
128501,8,8,11,1664,unblocked
128589,8,8,11,1752,branch_from
128589,8,8,11,1189,branch_to
128875,8,8,11,1474,branch_from
128875,8,8,11,393,branch_to
129225,8,8,11,742,branch_from
129225,8,8,11,413,branch_to
129837,8,8,11,1024,blocked
129937,8,8,11,1024,unblocked
130084,8,8,11,1171,branch_from
130084,8,8,11,658,branch_to
130169,8,8,11,742,branch_from
130169,8,8,11,413,branch_to
130499,8,8,11,742,branch_from
130499,8,8,11,413,branch_to
130829,8,8,11,742,branch_from
130829,8,8,11,413,branch_to
131159,8,8,11,742,branch_from
131159,8,8,11,413,branch_to
131297,8,8,11,550,branch_from
131297,8,8,11,1046,branch_to
131726,8,8,11,1474,branch_from
131726,8,8,11,393,branch_to
132274,8,8,11,940,branch_from
132274,8,8,11,1322,branch_to
132745,8,8,11,1792,blocked
132845,8,8,11,1792,unblocked
132954,8,8,11,1901,exit
132954,8,8,11,1901,unload
133055,9,9,26,0,unblocked
133183,9,9,26,128,blocked
133283,9,9,26,128,unblocked
133398,9,9,26,243,branch_from
133398,9,9,26,1929,branch_to
133399,9,9,26,1929,blocked
133499,9,9,26,1929,unblocked
133576,9,9,26,2006,exit
133576,9,9,26,2006,unload
133677,10,10,21,0,unblocked
133782,10,10,21,105,branch_from
133782,10,10,21,751,branch_to
133783,10,10,21,751,blocked
133883,10,10,21,751,unblocked
133900,10,10,21,768,blocked
134000,10,10,21,768,unblocked
134026,10,10,21,794,branch_from
134026,10,10,21,3,branch_to
134129,10,10,21,105,branch_from
134129,10,10,21,751,branch_to
134173,10,10,21,794,branch_from
134173,10,10,21,3,branch_to
134276,10,10,21,105,branch_from
134276,10,10,21,751,branch_to
134422,10,10,21,896,blocked
134522,10,10,21,896,unblocked
134548,10,10,21,922,branch_from
134548,10,10,21,401,branch_to
134549,10,10,21,401,blocked
134649,10,10,21,401,unblocked
134760,10,10,21,512,blocked
134860,10,10,21,512,unblocked
135142,10,10,21,794,branch_from
135142,10,10,21,3,branch_to
135245,10,10,21,105,branch_from
135245,10,10,21,751,branch_to
135289,10,10,21,794,branch_from
135289,10,10,21,3,branch_to
135392,10,10,21,105,branch_from
135392,10,10,21,751,branch_to
135436,10,10,21,794,branch_from
135436,10,10,21,3,branch_to
135539,10,10,21,105,branch_from
135539,10,10,21,751,branch_to
135813,10,10,21,1024,blocked
135913,10,10,21,1024,unblocked
136026,10,10,21,1137,branch_from
136026,10,10,21,764,branch_to
136057,10,10,21,794,branch_from
136057,10,10,21,3,branch_to
136183,10,10,21,128,blocked
136283,10,10,21,128,unblocked
136411,10,10,21,256,blocked
136511,10,10,21,256,unblocked
136817,10,10,21,562,branch_from
136817,10,10,21,1773,branch_to
136818,10,10,21,1773,blocked
136918,10,10,21,1773,unblocked
136937,10,10,21,1792,blocked
137037,10,10,21,1792,unblocked
137112,10,10,21,1867,exit
137112,10,10,21,1867,unload
137213,11,11,34,0,unblocked
137341,11,11,34,128,blocked
137441,11,11,34,128,unblocked
137569,11,11,34,256,blocked
137669,11,11,34,256,unblocked
137767,11,11,34,354,branch_from
137767,11,11,34,290,branch_to
137862,11,11,34,384,blocked
137962,11,11,34,384,unblocked
138090,11,11,34,512,blocked
138190,11,11,34,512,unblocked
138318,11,11,34,640,blocked
138418,11,11,34,640,unblocked
138546,11,11,34,768,blocked
138646,11,11,34,768,unblocked
138659,11,11,34,781,branch_from
138659,11,11,34,823,branch_to
138733,11,11,34,896,blocked
138833,11,11,34,896,unblocked
138900,11,11,34,963,branch_from
138900,11,11,34,276,branch_to
138979,11,11,34,354,branch_from
138979,11,11,34,290,branch_to
139044,11,11,34,354,branch_from
139044,11,11,34,290,branch_to
139109,11,11,34,354,branch_from
139109,11,11,34,290,branch_to
139783,11,11,34,963,branch_from
139783,11,11,34,276,branch_to
139862,11,11,34,354,branch_from
139862,11,11,34,290,branch_to
139927,11,11,34,354,branch_from
139927,11,11,34,290,branch_to
139992,11,11,34,354,branch_from
139992,11,11,34,290,branch_to
140484,11,11,34,781,branch_from
140484,11,11,34,823,branch_to
140625,11,11,34,963,branch_from
140625,11,11,34,276,branch_to
140704,11,11,34,354,branch_from
140704,11,11,34,290,branch_to
140769,11,11,34,354,branch_from
140769,11,11,34,290,branch_to
141473,11,11,34,993,exit
141473,11,11,34,993,unload
141574,12,12,37,0,unblocked
141702,12,12,37,128,blocked
141802,12,12,37,128,unblocked
141930,12,12,37,256,blocked
142030,12,12,37,256,unblocked
142158,12,12,37,384,blocked
142258,12,12,37,384,unblocked
142386,12,12,37,512,blocked
142486,12,12,37,512,unblocked
142614,12,12,37,640,blocked
142714,12,12,37,640,unblocked
142842,12,12,37,768,blocked
142942,12,12,37,768,unblocked
143070,12,12,37,896,blocked
143170,12,12,37,896,unblocked
143298,12,12,37,1024,blocked
143398,12,12,37,1024,unblocked
143526,12,12,37,1152,blocked
143626,12,12,37,1152,unblocked
143754,12,12,37,1280,blocked
143854,12,12,37,1280,unblocked
143982,12,12,37,1408,blocked
144082,12,12,37,1408,unblocked
144210,12,12,37,1536,blocked
144310,12,12,37,1536,unblocked
144438,12,12,37,1664,blocked
144538,12,12,37,1664,unblocked
144666,12,12,37,1792,blocked
144766,12,12,37,1792,unblocked
144894,12,12,37,1920,blocked
144994,12,12,37,1920,unblocked
145122,12,12,37,2048,blocked
145222,12,12,37,2048,unblocked
145273,12,12,37,2099,exit
145273,12,12,37,2099,unload
145374,13,13,36,0,unblocked
145381,13,13,36,7,branch_from
145381,13,13,36,627,branch_to
145382,13,13,36,627,blocked
145482,13,13,36,627,unblocked
145495,13,13,36,640,blocked
145595,13,13,36,640,unblocked
145622,13,13,36,667,branch_from
145622,13,13,36,850,branch_to
145623,13,13,36,850,blocked
145723,13,13,36,850,unblocked
145769,13,13,36,896,blocked
145869,13,13,36,896,unblocked
145997,13,13,36,1024,blocked
146097,13,13,36,1024,unblocked
146225,13,13,36,1152,blocked
146325,13,13,36,1152,unblocked
146326,13,13,36,1153,branch_from
146326,13,13,36,937,branch_to
146543,13,13,36,1153,branch_from
146543,13,13,36,937,branch_to
146775,13,13,36,1168,branch_from
146775,13,13,36,581,branch_to
146792,13,13,36,597,branch_from
146792,13,13,36,1829,branch_to
146793,13,13,36,1829,blocked
146893,13,13,36,1829,unblocked
146970,13,13,36,1906,exit
146970,13,13,36,1906,unload
147071,14,14,14,0,unblocked
147199,14,14,14,128,blocked
147299,14,14,14,128,unblocked
147417,14,14,14,246,branch_from
147417,14,14,14,775,branch_to
147418,14,14,14,775,blocked
147518,14,14,14,775,unblocked
147539,14,14,14,796,branch_from
147539,14,14,14,921,branch_to
147540,14,14,14,921,blocked
147640,14,14,14,921,unblocked
147656,14,14,14,937,exit
147656,14,14,14,937,unload
147757,15,15,12,0,unblocked
147885,15,15,12,128,blocked
147985,15,15,12,128,unblocked
148030,15,15,12,173,branch_from
148030,15,15,12,261,branch_to
148031,15,15,12,261,blocked
148131,15,15,12,261,unblocked
148166,15,15,12,296,branch_from
148166,15,15,12,565,branch_to
148167,15,15,12,565,blocked
148267,15,15,12,565,unblocked
148309,15,15,12,607,branch_from
148309,15,15,12,857,branch_to
148310,15,15,12,857,blocked
148410,15,15,12,857,unblocked
148449,15,15,12,896,blocked
148549,15,15,12,896,unblocked
148627,15,15,12,974,exit
148627,15,15,12,974,unload
148728,16,16,25,0,unblocked
148739,16,16,25,11,branch_from
148739,16,16,25,271,branch_to
148740,16,16,25,271,blocked
148840,16,16,25,271,unblocked
148953,16,16,25,384,blocked
149053,16,16,25,384,unblocked
149116,16,16,25,447,branch_from
149116,16,16,25,391,branch_to
149173,16,16,25,447,branch_from
149173,16,16,25,391,branch_to
149230,16,16,25,447,branch_from
149230,16,16,25,391,branch_to
149299,16,16,25,459,branch_from
149299,16,16,25,610,branch_to
149300,16,16,25,610,blocked
149400,16,16,25,610,unblocked
149430,16,16,25,640,blocked
149530,16,16,25,640,unblocked
149581,16,16,25,691,branch_from
149581,16,16,25,561,branch_to
149616,16,16,25,595,branch_from
149616,16,16,25,1032,branch_to
149617,16,16,25,1032,blocked
149717,16,16,25,1032,unblocked
149817,16,16,25,1132,exit
149817,16,16,25,1132,unload
149918,17,17,23,0,unblocked
150046,17,17,23,128,blocked
150146,17,17,23,128,unblocked
150270,17,17,23,252,branch_from
150270,17,17,23,995,branch_to
150271,17,17,23,995,blocked
150371,17,17,23,995,unblocked
150400,17,17,23,1024,blocked
150500,17,17,23,1024,unblocked
150628,17,17,23,1152,blocked
150728,17,17,23,1152,unblocked
150856,17,17,23,1280,blocked
150956,17,17,23,1280,unblocked
151084,17,17,23,1408,blocked
151184,17,17,23,1408,unblocked
151299,17,17,23,1523,branch_from
151299,17,17,23,250,branch_to
151302,17,17,23,252,branch_from
151302,17,17,23,995,branch_to
151844,17,17,23,1536,blocked
151944,17,17,23,1536,unblocked
151983,17,17,23,1575,branch_from
151983,17,17,23,1067,branch_to
152440,17,17,23,1523,branch_from
152440,17,17,23,250,branch_to
152447,17,17,23,256,blocked
152547,17,17,23,256,unblocked
152675,17,17,23,384,blocked
152775,17,17,23,384,unblocked
152903,17,17,23,512,blocked
153003,17,17,23,512,unblocked
153131,17,17,23,640,blocked
153231,17,17,23,640,unblocked
153300,17,17,23,709,branch_from
153300,17,17,23,1583,branch_to
153320,17,17,23,1602,exit
153320,17,17,23,1602,unload
153421,18,18,33,0,unblocked
153549,18,18,33,128,blocked
153649,18,18,33,128,unblocked
153777,18,18,33,256,blocked
153877,18,18,33,256,unblocked
153950,18,18,33,329,branch_from
153950,18,18,33,271,branch_to
154064,18,18,33,384,blocked
154164,18,18,33,384,unblocked
154292,18,18,33,512,blocked
154392,18,18,33,512,unblocked
154467,18,18,33,587,branch_from
154467,18,18,33,112,branch_to
154685,18,18,33,329,branch_from
154685,18,18,33,271,branch_to
154787,18,18,33,372,branch_from
154787,18,18,33,354,branch_to
154806,18,18,33,372,branch_from
154806,18,18,33,354,branch_to
155040,18,18,33,587,branch_from
155040,18,18,33,112,branch_to
155258,18,18,33,329,branch_from
155258,18,18,33,271,branch_to
155317,18,18,33,329,branch_from
155317,18,18,33,271,branch_to
155419,18,18,33,372,branch_from
155419,18,18,33,354,branch_to
155438,18,18,33,372,branch_from
155438,18,18,33,354,branch_to
155457,18,18,33,372,branch_from
155457,18,18,33,354,branch_to
155691,18,18,33,587,branch_from
155691,18,18,33,112,branch_to
155909,18,18,33,329,branch_from
155909,18,18,33,271,branch_to
155968,18,18,33,329,branch_from
155968,18,18,33,271,branch_to
156027,18,18,33,329,branch_from
156027,18,18,33,271,branch_to
156086,18,18,33,329,branch_from
156086,18,18,33,271,branch_to
156145,18,18,33,329,branch_from
156145,18,18,33,271,branch_to
156204,18,18,33,329,branch_from
156204,18,18,33,271,branch_to
156263,18,18,33,329,branch_from
156263,18,18,33,271,branch_to
156322,18,18,33,329,branch_from
156322,18,18,33,271,branch_to
156424,18,18,33,372,branch_from
156424,18,18,33,354,branch_to
156658,18,18,33,587,branch_from
156658,18,18,33,112,branch_to
156876,18,18,33,329,branch_from
156876,18,18,33,271,branch_to
156978,18,18,33,372,branch_from
156978,18,18,33,354,branch_to
156997,18,18,33,372,branch_from
156997,18,18,33,354,branch_to
157016,18,18,33,372,branch_from
157016,18,18,33,354,branch_to
157035,18,18,33,372,branch_from
157035,18,18,33,354,branch_to
157054,18,18,33,372,branch_from
157054,18,18,33,354,branch_to
157073,18,18,33,372,branch_from
157073,18,18,33,354,branch_to
157360,18,18,33,640,blocked
157460,18,18,33,640,unblocked
157550,18,18,33,730,branch_from
157550,18,18,33,628,branch_to
157653,18,18,33,730,branch_from
157653,18,18,33,628,branch_to
157794,18,18,33,768,blocked
157894,18,18,33,768,unblocked
157929,18,18,33,803,branch_from
157929,18,18,33,96,branch_to
158163,18,18,33,329,branch_from
158163,18,18,33,271,branch_to
158222,18,18,33,329,branch_from
158222,18,18,33,271,branch_to
158539,18,18,33,587,branch_from
158539,18,18,33,112,branch_to
158757,18,18,33,329,branch_from
158757,18,18,33,271,branch_to
158816,18,18,33,329,branch_from
158816,18,18,33,271,branch_to
158875,18,18,33,329,branch_from
158875,18,18,33,271,branch_to
158977,18,18,33,372,branch_from
158977,18,18,33,354,branch_to
158996,18,18,33,372,branch_from
158996,18,18,33,354,branch_to
159015,18,18,33,372,branch_from
159015,18,18,33,354,branch_to
159034,18,18,33,372,branch_from
159034,18,18,33,354,branch_to
159455,18,18,33,774,branch_from
159455,18,18,33,488,branch_to
159555,18,18,33,587,branch_from
159555,18,18,33,112,branch_to
159773,18,18,33,329,branch_from
159773,18,18,33,271,branch_to
159832,18,18,33,329,branch_from
159832,18,18,33,271,branch_to
159891,18,18,33,329,branch_from
159891,18,18,33,271,branch_to
159950,18,18,33,329,branch_from
159950,18,18,33,271,branch_to
160009,18,18,33,329,branch_from
160009,18,18,33,271,branch_to
160068,18,18,33,329,branch_from
160068,18,18,33,271,branch_to
160127,18,18,33,329,branch_from
160127,18,18,33,271,branch_to
160444,18,18,33,587,branch_from
160444,18,18,33,112,branch_to
160662,18,18,33,329,branch_from
160662,18,18,33,271,branch_to
160979,18,18,33,587,branch_from
160979,18,18,33,112,branch_to
161197,18,18,33,329,branch_from
161197,18,18,33,271,branch_to
161256,18,18,33,329,branch_from
161256,18,18,33,271,branch_to
161315,18,18,33,329,branch_from
161315,18,18,33,271,branch_to
161417,18,18,33,372,branch_from
161417,18,18,33,354,branch_to
161436,18,18,33,372,branch_from
161436,18,18,33,354,branch_to
161670,18,18,33,587,branch_from
161670,18,18,33,112,branch_to
161888,18,18,33,329,branch_from
161888,18,18,33,271,branch_to
161990,18,18,33,372,branch_from
161990,18,18,33,354,branch_to
162009,18,18,33,372,branch_from
162009,18,18,33,354,branch_to
162243,18,18,33,587,branch_from
162243,18,18,33,112,branch_to
162504,18,18,33,372,branch_from
162504,18,18,33,354,branch_to
162523,18,18,33,372,branch_from
162523,18,18,33,354,branch_to
162542,18,18,33,372,branch_from
162542,18,18,33,354,branch_to
162561,18,18,33,372,branch_from
162561,18,18,33,354,branch_to
162795,18,18,33,587,branch_from
162795,18,18,33,112,branch_to
163013,18,18,33,329,branch_from
163013,18,18,33,271,branch_to
163072,18,18,33,329,branch_from
163072,18,18,33,271,branch_to
163174,18,18,33,372,branch_from
163174,18,18,33,354,branch_to
163408,18,18,33,587,branch_from
163408,18,18,33,112,branch_to
163669,18,18,33,372,branch_from
163669,18,18,33,354,branch_to
163688,18,18,33,372,branch_from
163688,18,18,33,354,branch_to
163707,18,18,33,372,branch_from
163707,18,18,33,354,branch_to
163726,18,18,33,372,branch_from
163726,18,18,33,354,branch_to
163745,18,18,33,372,branch_from
163745,18,18,33,354,branch_to
163764,18,18,33,372,branch_from
163764,18,18,33,354,branch_to
163783,18,18,33,372,branch_from
163783,18,18,33,354,branch_to
163802,18,18,33,372,branch_from
163802,18,18,33,354,branch_to
163821,18,18,33,372,branch_from
163821,18,18,33,354,branch_to
163840,18,18,33,372,branch_from
163840,18,18,33,354,branch_to
163859,18,18,33,372,branch_from
163859,18,18,33,354,branch_to
163878,18,18,33,372,branch_from
163878,18,18,33,354,branch_to
163897,18,18,33,372,branch_from
163897,18,18,33,354,branch_to
163916,18,18,33,372,branch_from
163916,18,18,33,354,branch_to
163935,18,18,33,372,branch_from
163935,18,18,33,354,branch_to
163954,18,18,33,372,branch_from
163954,18,18,33,354,branch_to
163973,18,18,33,372,branch_from
163973,18,18,33,354,branch_to
163992,18,18,33,372,branch_from
163992,18,18,33,354,branch_to
164011,18,18,33,372,branch_from
164011,18,18,33,354,branch_to
164245,18,18,33,587,branch_from
164245,18,18,33,112,branch_to
164721,18,18,33,587,branch_from
164721,18,18,33,112,branch_to
164982,18,18,33,372,branch_from
164982,18,18,33,354,branch_to
165001,18,18,33,372,branch_from
165001,18,18,33,354,branch_to
165020,18,18,33,372,branch_from
165020,18,18,33,354,branch_to
165254,18,18,33,587,branch_from
165254,18,18,33,112,branch_to
165472,18,18,33,329,branch_from
165472,18,18,33,271,branch_to
165531,18,18,33,329,branch_from
165531,18,18,33,271,branch_to
165590,18,18,33,329,branch_from
165590,18,18,33,271,branch_to
165649,18,18,33,329,branch_from
165649,18,18,33,271,branch_to
165708,18,18,33,329,branch_from
165708,18,18,33,271,branch_to
166168,18,18,33,730,branch_from
166168,18,18,33,628,branch_to
166271,18,18,33,730,branch_from
166271,18,18,33,628,branch_to
166374,18,18,33,730,branch_from
166374,18,18,33,628,branch_to
166477,18,18,33,730,branch_from
166477,18,18,33,628,branch_to
166580,18,18,33,730,branch_from
166580,18,18,33,628,branch_to
166683,18,18,33,730,branch_from
166683,18,18,33,628,branch_to
166786,18,18,33,730,branch_from
166786,18,18,33,628,branch_to
166889,18,18,33,730,branch_from
166889,18,18,33,628,branch_to
166992,18,18,33,730,branch_from
166992,18,18,33,628,branch_to
167095,18,18,33,730,branch_from
167095,18,18,33,628,branch_to
167198,18,18,33,730,branch_from
167198,18,18,33,628,branch_to
167301,18,18,33,730,branch_from
167301,18,18,33,628,branch_to
167448,18,18,33,774,branch_from
167448,18,18,33,488,branch_to
167548,18,18,33,587,branch_from
167548,18,18,33,112,branch_to
167766,18,18,33,329,branch_from
167766,18,18,33,271,branch_to
167825,18,18,33,329,branch_from
167825,18,18,33,271,branch_to
167884,18,18,33,329,branch_from
167884,18,18,33,271,branch_to
168344,18,18,33,730,branch_from
168344,18,18,33,628,branch_to
168447,18,18,33,730,branch_from
168447,18,18,33,628,branch_to
168550,18,18,33,730,branch_from
168550,18,18,33,628,branch_to
168697,18,18,33,774,branch_from
168697,18,18,33,488,branch_to
168984,18,18,33,774,branch_from
168984,18,18,33,488,branch_to
169084,18,18,33,587,branch_from
169084,18,18,33,112,branch_to
169345,18,18,33,372,branch_from
169345,18,18,33,354,branch_to
169364,18,18,33,372,branch_from
169364,18,18,33,354,branch_to
169383,18,18,33,372,branch_from
169383,18,18,33,354,branch_to
169402,18,18,33,372,branch_from
169402,18,18,33,354,branch_to
169421,18,18,33,372,branch_from
169421,18,18,33,354,branch_to
169440,18,18,33,372,branch_from
169440,18,18,33,354,branch_to
169459,18,18,33,372,branch_from
169459,18,18,33,354,branch_to
169478,18,18,33,372,branch_from
169478,18,18,33,354,branch_to
169497,18,18,33,372,branch_from
169497,18,18,33,354,branch_to
169516,18,18,33,372,branch_from
169516,18,18,33,354,branch_to
169937,18,18,33,774,branch_from
169937,18,18,33,488,branch_to
170037,18,18,33,587,branch_from
170037,18,18,33,112,branch_to
170298,18,18,33,372,branch_from
170298,18,18,33,354,branch_to
170317,18,18,33,372,branch_from
170317,18,18,33,354,branch_to
170336,18,18,33,372,branch_from
170336,18,18,33,354,branch_to
170355,18,18,33,372,branch_from
170355,18,18,33,354,branch_to
170374,18,18,33,372,branch_from
170374,18,18,33,354,branch_to
170393,18,18,33,372,branch_from
170393,18,18,33,354,branch_to
170412,18,18,33,372,branch_from
170412,18,18,33,354,branch_to
170431,18,18,33,372,branch_from
170431,18,18,33,354,branch_to
170450,18,18,33,372,branch_from
170450,18,18,33,354,branch_to
170684,18,18,33,587,branch_from
170684,18,18,33,112,branch_to
170945,18,18,33,372,branch_from
170945,18,18,33,354,branch_to
170964,18,18,33,372,branch_from
170964,18,18,33,354,branch_to
171198,18,18,33,587,branch_from
171198,18,18,33,112,branch_to
171416,18,18,33,329,branch_from
171416,18,18,33,271,branch_to
171475,18,18,33,329,branch_from
171475,18,18,33,271,branch_to
171534,18,18,33,329,branch_from
171534,18,18,33,271,branch_to
171636,18,18,33,372,branch_from
171636,18,18,33,354,branch_to
171655,18,18,33,372,branch_from
171655,18,18,33,354,branch_to
171674,18,18,33,372,branch_from
171674,18,18,33,354,branch_to
171693,18,18,33,372,branch_from
171693,18,18,33,354,branch_to
171712,18,18,33,372,branch_from
171712,18,18,33,354,branch_to
171731,18,18,33,372,branch_from
171731,18,18,33,354,branch_to
171965,18,18,33,587,branch_from
171965,18,18,33,112,branch_to
172441,18,18,33,587,branch_from
172441,18,18,33,112,branch_to
172659,18,18,33,329,branch_from
172659,18,18,33,271,branch_to
172718,18,18,33,329,branch_from
172718,18,18,33,271,branch_to
172777,18,18,33,329,branch_from
172777,18,18,33,271,branch_to
172879,18,18,33,372,branch_from
172879,18,18,33,354,branch_to
173113,18,18,33,587,branch_from
173113,18,18,33,112,branch_to
173331,18,18,33,329,branch_from
173331,18,18,33,271,branch_to
173433,18,18,33,372,branch_from
173433,18,18,33,354,branch_to
173810,18,18,33,730,branch_from
173810,18,18,33,628,branch_to
173913,18,18,33,730,branch_from
173913,18,18,33,628,branch_to
174060,18,18,33,774,branch_from
174060,18,18,33,488,branch_to
174160,18,18,33,587,branch_from
174160,18,18,33,112,branch_to
174378,18,18,33,329,branch_from
174378,18,18,33,271,branch_to
174437,18,18,33,329,branch_from
174437,18,18,33,271,branch_to
174496,18,18,33,329,branch_from
174496,18,18,33,271,branch_to
174598,18,18,33,372,branch_from
174598,18,18,33,354,branch_to
174617,18,18,33,372,branch_from
174617,18,18,33,354,branch_to
174636,18,18,33,372,branch_from
174636,18,18,33,354,branch_to
174655,18,18,33,372,branch_from
174655,18,18,33,354,branch_to
174674,18,18,33,372,branch_from
174674,18,18,33,354,branch_to
174693,18,18,33,372,branch_from
174693,18,18,33,354,branch_to
174712,18,18,33,372,branch_from
174712,18,18,33,354,branch_to
175089,18,18,33,730,branch_from
175089,18,18,33,628,branch_to
175192,18,18,33,730,branch_from
175192,18,18,33,628,branch_to
175295,18,18,33,730,branch_from
175295,18,18,33,628,branch_to
175442,18,18,33,774,branch_from
175442,18,18,33,488,branch_to
175542,18,18,33,587,branch_from
175542,18,18,33,112,branch_to
175760,18,18,33,329,branch_from
175760,18,18,33,271,branch_to
175819,18,18,33,329,branch_from
175819,18,18,33,271,branch_to
175878,18,18,33,329,branch_from
175878,18,18,33,271,branch_to
176382,18,18,33,774,branch_from
176382,18,18,33,488,branch_to
176625,18,18,33,730,branch_from
176625,18,18,33,628,branch_to
176728,18,18,33,730,branch_from
176728,18,18,33,628,branch_to
176875,18,18,33,774,branch_from
176875,18,18,33,488,branch_to
176975,18,18,33,587,branch_from
176975,18,18,33,112,branch_to
177236,18,18,33,372,branch_from
177236,18,18,33,354,branch_to
177255,18,18,33,372,branch_from
177255,18,18,33,354,branch_to
177274,18,18,33,372,branch_from
177274,18,18,33,354,branch_to
177508,18,18,33,587,branch_from
177508,18,18,33,112,branch_to
177769,18,18,33,372,branch_from
177769,18,18,33,354,branch_to
177788,18,18,33,372,branch_from
177788,18,18,33,354,branch_to
177807,18,18,33,372,branch_from
177807,18,18,33,354,branch_to
178041,18,18,33,587,branch_from
178041,18,18,33,112,branch_to
178259,18,18,33,329,branch_from
178259,18,18,33,271,branch_to
178318,18,18,33,329,branch_from
178318,18,18,33,271,branch_to
178377,18,18,33,329,branch_from
178377,18,18,33,271,branch_to
178436,18,18,33,329,branch_from
178436,18,18,33,271,branch_to
178538,18,18,33,372,branch_from
178538,18,18,33,354,branch_to
178557,18,18,33,372,branch_from
178557,18,18,33,354,branch_to
178576,18,18,33,372,branch_from
178576,18,18,33,354,branch_to
178595,18,18,33,372,branch_from
178595,18,18,33,354,branch_to
178972,18,18,33,730,branch_from
178972,18,18,33,628,branch_to
179075,18,18,33,730,branch_from
179075,18,18,33,628,branch_to
179178,18,18,33,730,branch_from
179178,18,18,33,628,branch_to
179281,18,18,33,730,branch_from
179281,18,18,33,628,branch_to
179428,18,18,33,774,branch_from
179428,18,18,33,488,branch_to
179528,18,18,33,587,branch_from
179528,18,18,33,112,branch_to
179746,18,18,33,329,branch_from
179746,18,18,33,271,branch_to
180063,18,18,33,587,branch_from
180063,18,18,33,112,branch_to
180281,18,18,33,329,branch_from
180281,18,18,33,271,branch_to
180340,18,18,33,329,branch_from
180340,18,18,33,271,branch_to
180800,18,18,33,730,branch_from
180800,18,18,33,628,branch_to
180903,18,18,33,730,branch_from
180903,18,18,33,628,branch_to
181006,18,18,33,730,branch_from
181006,18,18,33,628,branch_to
181109,18,18,33,730,branch_from
181109,18,18,33,628,branch_to
181212,18,18,33,730,branch_from
181212,18,18,33,628,branch_to
181315,18,18,33,730,branch_from
181315,18,18,33,628,branch_to
181418,18,18,33,730,branch_from
181418,18,18,33,628,branch_to
181521,18,18,33,730,branch_from
181521,18,18,33,628,branch_to
181668,18,18,33,774,branch_from
181668,18,18,33,488,branch_to
181911,18,18,33,730,branch_from
181911,18,18,33,628,branch_to
182058,18,18,33,774,branch_from
182058,18,18,33,488,branch_to
182158,18,18,33,587,branch_from
182158,18,18,33,112,branch_to
182419,18,18,33,372,branch_from
182419,18,18,33,354,branch_to
182438,18,18,33,372,branch_from
182438,18,18,33,354,branch_to
182457,18,18,33,372,branch_from
182457,18,18,33,354,branch_to
182476,18,18,33,372,branch_from
182476,18,18,33,354,branch_to
182862,18,18,33,739,branch_from
182862,18,18,33,443,branch_to
183007,18,18,33,587,branch_from
183007,18,18,33,112,branch_to
183225,18,18,33,329,branch_from
183225,18,18,33,271,branch_to
183284,18,18,33,329,branch_from
183284,18,18,33,271,branch_to
183343,18,18,33,329,branch_from
183343,18,18,33,271,branch_to
183402,18,18,33,329,branch_from
183402,18,18,33,271,branch_to
183504,18,18,33,372,branch_from
183504,18,18,33,354,branch_to
183523,18,18,33,372,branch_from
183523,18,18,33,354,branch_to
183542,18,18,33,372,branch_from
183542,18,18,33,354,branch_to
183561,18,18,33,372,branch_from
183561,18,18,33,354,branch_to
183580,18,18,33,372,branch_from
183580,18,18,33,354,branch_to
183814,18,18,33,587,branch_from
183814,18,18,33,112,branch_to
184032,18,18,33,329,branch_from
184032,18,18,33,271,branch_to
184134,18,18,33,372,branch_from
184134,18,18,33,354,branch_to
184368,18,18,33,587,branch_from
184368,18,18,33,112,branch_to
184586,18,18,33,329,branch_from
184586,18,18,33,271,branch_to
184688,18,18,33,372,branch_from
184688,18,18,33,354,branch_to
184707,18,18,33,372,branch_from
184707,18,18,33,354,branch_to
184726,18,18,33,372,branch_from
184726,18,18,33,354,branch_to
184960,18,18,33,587,branch_from
184960,18,18,33,112,branch_to
185221,18,18,33,372,branch_from
185221,18,18,33,354,branch_to
185455,18,18,33,587,branch_from
185455,18,18,33,112,branch_to
185716,18,18,33,372,branch_from
185716,18,18,33,354,branch_to
185735,18,18,33,372,branch_from
185735,18,18,33,354,branch_to
185969,18,18,33,587,branch_from
185969,18,18,33,112,branch_to
186187,18,18,33,329,branch_from
186187,18,18,33,271,branch_to
186246,18,18,33,329,branch_from
186246,18,18,33,271,branch_to
186305,18,18,33,329,branch_from
186305,18,18,33,271,branch_to
186364,18,18,33,329,branch_from
186364,18,18,33,271,branch_to
186423,18,18,33,329,branch_from
186423,18,18,33,271,branch_to
186482,18,18,33,329,branch_from
186482,18,18,33,271,branch_to
186541,18,18,33,329,branch_from
186541,18,18,33,271,branch_to
186600,18,18,33,329,branch_from
186600,18,18,33,271,branch_to
186702,18,18,33,372,branch_from
186702,18,18,33,354,branch_to
186721,18,18,33,372,branch_from
186721,18,18,33,354,branch_to
186740,18,18,33,372,branch_from
186740,18,18,33,354,branch_to
186759,18,18,33,372,branch_from
186759,18,18,33,354,branch_to
186778,18,18,33,372,branch_from
186778,18,18,33,354,branch_to
186797,18,18,33,372,branch_from
186797,18,18,33,354,branch_to
186816,18,18,33,372,branch_from
186816,18,18,33,354,branch_to
186835,18,18,33,372,branch_from
186835,18,18,33,354,branch_to
186854,18,18,33,372,branch_from
186854,18,18,33,354,branch_to
187231,18,18,33,730,branch_from
187231,18,18,33,628,branch_to
187334,18,18,33,730,branch_from
187334,18,18,33,628,branch_to
187437,18,18,33,730,branch_from
187437,18,18,33,628,branch_to
187540,18,18,33,730,branch_from
187540,18,18,33,628,branch_to
187643,18,18,33,730,branch_from
187643,18,18,33,628,branch_to
187746,18,18,33,730,branch_from
187746,18,18,33,628,branch_to
187849,18,18,33,730,branch_from
187849,18,18,33,628,branch_to
188118,18,18,33,896,blocked
188218,18,18,33,896,unblocked
188227,18,18,33,905,exit
188227,18,18,33,905,unload
188328,19,19,6,0,unblocked
188456,19,19,6,128,blocked
188556,19,19,6,128,unblocked
188684,19,19,6,256,blocked
188784,19,19,6,256,unblocked
188912,19,19,6,384,blocked
189012,19,19,6,384,unblocked
189140,19,19,6,512,blocked
189240,19,19,6,512,unblocked
189368,19,19,6,640,blocked
189468,19,19,6,640,unblocked
189596,19,19,6,768,blocked
189696,19,19,6,768,unblocked
189752,19,19,6,824,branch_from
189752,19,19,6,205,branch_to
189758,19,19,6,210,branch_from
189758,19,19,6,1244,branch_to
189759,19,19,6,1244,blocked
189859,19,19,6,1244,unblocked
189895,19,19,6,1280,blocked
189995,19,19,6,1280,unblocked
190123,19,19,6,1408,blocked
190223,19,19,6,1408,unblocked
190258,19,19,6,1443,branch_from
190258,19,19,6,875,branch_to
190280,19,19,6,896,blocked
190380,19,19,6,896,unblocked
190441,19,19,6,957,branch_from
190441,19,19,6,220,branch_to
190930,19,19,6,708,branch_from
190930,19,19,6,1037,branch_to
190931,19,19,6,1037,blocked
191031,19,19,6,1037,unblocked
191166,19,19,6,1172,branch_from
191166,19,19,6,215,branch_to
192030,19,19,6,1078,branch_from
192030,19,19,6,1493,branch_to
192074,19,19,6,1536,blocked
192174,19,19,6,1536,unblocked
192188,19,19,6,1550,branch_from
192188,19,19,6,789,branch_to
192357,19,19,6,957,branch_from
192357,19,19,6,220,branch_to
192846,19,19,6,708,branch_from
192846,19,19,6,1037,branch_to
193106,19,19,6,1296,branch_from
193106,19,19,6,1378,branch_to
193198,19,19,6,1469,branch_from
193198,19,19,6,1076,branch_to
193419,19,19,6,1296,branch_from
193419,19,19,6,1378,branch_to
193485,19,19,6,1443,branch_from
193485,19,19,6,875,branch_to
193559,19,19,6,948,branch_from
193559,19,19,6,854,branch_to
193663,19,19,6,957,branch_from
193663,19,19,6,220,branch_to
194401,19,19,6,957,branch_from
194401,19,19,6,220,branch_to
194610,19,19,6,428,branch_from
194610,19,19,6,623,branch_to
194812,19,19,6,824,branch_from
194812,19,19,6,205,branch_to
195432,19,19,6,824,branch_from
195432,19,19,6,205,branch_to
195438,19,19,6,210,branch_from
195438,19,19,6,1244,branch_to
195491,19,19,6,1296,branch_from
195491,19,19,6,1378,branch_to
195557,19,19,6,1443,branch_from
195557,19,19,6,875,branch_to
195761,19,19,6,1078,branch_from
195761,19,19,6,1493,branch_to
195845,19,19,6,1576,exit
195845,19,19,6,1576,unload
